epoch,step,train/bpd,train/nll,train/ppl,trainer/loss,trainer/lr,val/bpd,val/nll,val/ppl
,9,,,,,1.0799999999999998e-06,,,
0,9,,,,3.515209436416626,,,,
,19,,,,,2.2799999999999998e-06,,,
0,19,,,,3.546265125274658,,,,
,29,,,,,3.4799999999999993e-06,,,
0,29,,,,3.5149669647216797,,,,
,39,,,,,4.679999999999999e-06,,,
0,39,,,,4.5736918449401855,,,,
,49,,,,,5.88e-06,,,
0,49,,,,2.908977508544922,,,,
0,49,,,,,,5.325474483610533,3.6913376234585713,40.09844772480166
0,49,5.438248234299311,3.7695064307896686,43.3586590545583,,,,,
,59,,,,,7.079999999999999e-06,,,
1,59,,,,3.6310806274414062,,,,
,69,,,,,8.279999999999999e-06,,,
1,69,,,,3.9291982650756836,,,,
,79,,,,,9.48e-06,,,
1,79,,,,4.052492141723633,,,,
,89,,,,,1.068e-05,,,
1,89,,,,3.69690203666687,,,,
,99,,,,,1.188e-05,,,
1,99,,,,2.7273457050323486,,,,
1,99,,,,,,5.148467557289748,3.5686457715397375,35.46852812323135
1,99,5.27650819225742,3.657396776664685,38.76030967976566,,,,,
,109,,,,,1.3079999999999998e-05,,,
2,109,,,,3.9341304302215576,,,,
,119,,,,,1.428e-05,,,
2,119,,,,3.6383514404296875,,,,
,129,,,,,1.5479999999999997e-05,,,
2,129,,,,2.873021125793457,,,,
,139,,,,,1.6679999999999996e-05,,,
2,139,,,,2.8165154457092285,,,,
,149,,,,,1.7879999999999998e-05,,,
2,149,,,,3.2653987407684326,,,,
2,149,,,,,,4.557322529469248,3.1588952622039277,23.544570978889222
2,149,4.777424928284672,3.3114586193773197,27.42509909262853,,,,,
,159,,,,,1.908e-05,,,
3,159,,,,2.865208148956299,,,,
,169,,,,,2.0279999999999996e-05,,,
3,169,,,,2.7499704360961914,,,,
,179,,,,,2.1479999999999998e-05,,,
3,179,,,,3.169541120529175,,,,
,189,,,,,2.268e-05,,,
3,189,,,,3.051386833190918,,,,
,199,,,,,2.388e-05,,,
3,199,,,,2.6076200008392334,,,,
3,199,,,,,,4.014823332581697,2.782863473425287,16.165243483070846
3,199,4.2434798377957925,2.941356085331128,18.941515214642266,,,,,
,209,,,,,2.5079999999999997e-05,,,
4,209,,,,2.7381529808044434,,,,
,219,,,,,2.6279999999999996e-05,,,
4,219,,,,2.82865571975708,,,,
,229,,,,,2.7479999999999998e-05,,,
4,229,,,,2.611298084259033,,,,
,239,,,,,2.868e-05,,,
4,239,,,,3.012829303741455,,,,
,249,,,,,2.9879999999999995e-05,,,
4,249,,,,2.8522732257843018,,,,
4,249,,,,,,3.9128183847992983,2.712159031466753,15.061759247716848
4,249,4.1811851783911855,2.898176717800882,18.141038964038064,,,,,
,259,,,,,3.1079999999999994e-05,,,
5,259,,,,3.3710694313049316,,,,
,269,,,,,3.2279999999999996e-05,,,
5,269,,,,2.6444382667541504,,,,
,279,,,,,3.348e-05,,,
5,279,,,,2.9126014709472656,,,,
,289,,,,,3.467999999999999e-05,,,
5,289,,,,2.363323211669922,,,,
,299,,,,,3.5879999999999995e-05,,,
5,299,,,,2.303947925567627,,,,
5,299,,,,,,3.938467761886308,2.7299378248777324,15.331933725417926
5,299,4.136212888996287,2.8670043022034823,17.584262083423454,,,,,
,309,,,,,3.708e-05,,,
6,309,,,,2.102806568145752,,,,
,319,,,,,3.827999999999999e-05,,,
6,319,,,,2.885035753250122,,,,
,329,,,,,3.9479999999999995e-05,,,
6,329,,,,2.342221736907959,,,,
,339,,,,,4.068e-05,,,
6,339,,,,2.4051198959350586,,,,
,349,,,,,4.188e-05,,,
6,349,,,,1.9837470054626465,,,,
6,349,,,,,,3.6279110156239507,2.5146762918021093,12.362606254330279
6,349,3.7994901471288713,2.633605883047669,13.923887398438486,,,,,
,359,,,,,4.308e-05,,,
7,359,,,,1.9176838397979736,,,,
,369,,,,,4.4279999999999996e-05,,,
7,369,,,,2.3792595863342285,,,,
,379,,,,,4.548e-05,,,
7,379,,,,2.1056361198425293,,,,
,389,,,,,4.6679999999999994e-05,,,
7,389,,,,2.551699638366699,,,,
,399,,,,,4.7879999999999996e-05,,,
7,399,,,,2.182746410369873,,,,
7,399,,,,,,3.2181612386889777,2.230659389184566,9.306000332802196
7,399,3.118580078752663,2.161634988937821,8.685326468726494,,,,,
,409,,,,,4.908e-05,,,
8,409,,,,2.2142350673675537,,,,
,419,,,,,5.027999999999999e-05,,,
8,419,,,,2.04176926612854,,,,
,429,,,,,5.1479999999999995e-05,,,
8,429,,,,1.841545581817627,,,,
,439,,,,,5.268e-05,,,
8,439,,,,2.306647300720215,,,,
,449,,,,,5.388e-05,,,
8,449,,,,2.094931125640869,,,,
8,449,,,,,,3.0519666782703827,2.1154620982060175,8.29341725402404
8,449,3.1163929977145757,2.160119019882614,8.672169757668641,,,,,
,459,,,,,5.508e-05,,,
9,459,,,,1.9914524555206299,,,,
,469,,,,,5.627999999999999e-05,,,
9,469,,,,2.122286796569824,,,,
,479,,,,,5.747999999999999e-05,,,
9,479,,,,2.9408488273620605,,,,
,489,,,,,5.8679999999999994e-05,,,
9,489,,,,1.786893367767334,,,,
,499,,,,,5.9879999999999996e-05,,,
9,499,,,,1.8753774166107178,,,,
9,499,,,,,,2.8366628554537914,1.9662248604569192,7.1436572168341295
9,499,3.012665179636938,2.0882203752364648,8.070539844199367,,,,,
,509,,,,,6.107999999999999e-05,,,
10,509,,,,3.0030770301818848,,,,
,519,,,,,6.228e-05,,,
10,519,,,,2.0397424697875977,,,,
,529,,,,,6.348e-05,,,
10,529,,,,2.888124704360962,,,,
,539,,,,,6.468e-05,,,
10,539,,,,1.9781005382537842,,,,
,549,,,,,6.587999999999999e-05,,,
10,549,,,,1.719761848449707,,,,
10,549,,,,,,3.0366427280355306,2.1048403453056888,8.205792811666038
10,549,2.910989306693618,2.017744030574831,7.521337871445577,,,,,
,559,,,,,6.707999999999999e-05,,,
11,559,,,,1.9253487586975098,,,,
,569,,,,,6.827999999999999e-05,,,
11,569,,,,2.153282642364502,,,,
,579,,,,,6.947999999999999e-05,,,
11,579,,,,1.8616504669189453,,,,
,589,,,,,7.068e-05,,,
11,589,,,,1.9185858964920044,,,,
,599,,,,,7.188e-05,,,
11,599,,,,1.6902471780776978,,,,
11,599,,,,,,2.9266745858396956,2.0286162375912307,7.603557558658524
11,599,2.7335025656394647,1.8947195964263719,6.650683267794217,,,,,
,609,,,,,7.308e-05,,,
12,609,,,,1.557232141494751,,,,
,619,,,,,7.427999999999999e-05,,,
12,619,,,,1.6397334337234497,,,,
,629,,,,,7.547999999999999e-05,,,
12,629,,,,1.289730429649353,,,,
,639,,,,,7.667999999999999e-05,,,
12,639,,,,2.1786017417907715,,,,
,649,,,,,7.787999999999999e-05,,,
12,649,,,,1.7644098997116089,,,,
12,649,,,,,,2.545882698943415,1.7646714148089722,5.83965321923438
12,649,2.6269425715819206,1.8208578369849004,6.177155169863768,,,,,
,659,,,,,7.908e-05,,,
13,659,,,,1.392310619354248,,,,
,669,,,,,8.028e-05,,,
13,669,,,,1.5952675342559814,,,,
,679,,,,,8.148e-05,,,
13,679,,,,1.5679755210876465,,,,
,689,,,,,8.268e-05,,,
13,689,,,,1.4915471076965332,,,,
,699,,,,,8.388e-05,,,
13,699,,,,1.4658586978912354,,,,
13,699,,,,,,2.5469803341163253,1.7654322375343583,5.8440978506858565
13,699,2.631953916661303,1.8243314366974874,6.1986494439262145,,,,,
,709,,,,,8.507999999999999e-05,,,
14,709,,,,1.8362233638763428,,,,
,719,,,,,8.628e-05,,,
14,719,,,,1.2543742656707764,,,,
,729,,,,,8.748e-05,,,
14,729,,,,1.420499563217163,,,,
,739,,,,,8.867999999999998e-05,,,
14,739,,,,1.1164135932922363,,,,
,749,,,,,8.987999999999999e-05,,,
14,749,,,,1.5631911754608154,,,,
14,749,,,,,,2.3594636528868,1.635455578632155,5.13179540088034
14,749,2.2844548224973034,1.583463419330576,4.871799710949837,,,,,
,759,,,,,9.107999999999999e-05,,,
15,759,,,,1.465164303779602,,,,
,769,,,,,9.227999999999999e-05,,,
15,769,,,,1.8960058689117432,,,,
,779,,,,,9.347999999999999e-05,,,
15,779,,,,1.3826686143875122,,,,
,789,,,,,9.468e-05,,,
15,789,,,,1.3413293361663818,,,,
,799,,,,,9.588e-05,,,
15,799,,,,1.42885160446167,,,,
15,799,,,,,,2.335533426786802,1.6188684098807793,5.047375523501609
15,799,2.252867143285217,1.5615685085442867,4.766291353854752,,,,,
,809,,,,,9.707999999999999e-05,,,
16,809,,,,1.5324311256408691,,,,
,819,,,,,9.827999999999999e-05,,,
16,819,,,,1.7680144309997559,,,,
,829,,,,,9.947999999999999e-05,,,
16,829,,,,1.3722732067108154,,,,
,839,,,,,0.00010067999999999999,,,
16,839,,,,1.1596680879592896,,,,
,849,,,,,0.00010188,,,
16,849,,,,1.48624849319458,,,,
16,849,,,,,,2.0966664418512555,1.4532984327438503,4.2771993278102105
16,849,2.079534416747206,1.441423417845696,4.22670790858785,,,,,
,859,,,,,0.00010308,,,
17,859,,,,1.4600040912628174,,,,
,869,,,,,0.00010428,,,
17,869,,,,1.5232374668121338,,,,
,879,,,,,0.00010548,,,
17,879,,,,1.3766310214996338,,,,
,889,,,,,0.00010668,,,
17,889,,,,1.535292625427246,,,,
,899,,,,,0.00010787999999999998,,,
17,899,,,,1.2530567646026611,,,,
17,899,,,,,,2.0155468847184377,1.3970706404289661,4.043338210166858
17,899,2.0762575650299024,1.4391520773167341,4.217118510128308,,,,,
,909,,,,,0.00010907999999999998,,,
18,909,,,,1.2067967653274536,,,,
,919,,,,,0.00011027999999999998,,,
18,919,,,,1.4706342220306396,,,,
,929,,,,,0.00011147999999999998,,,
18,929,,,,1.1104384660720825,,,,
,939,,,,,0.00011267999999999999,,,
18,939,,,,1.7552096843719482,,,,
,949,,,,,0.00011387999999999999,,,
18,949,,,,1.4685920476913452,,,,
18,949,,,,,,2.079870196744233,1.4416561628039237,4.227691768033196
18,949,1.9939193619737619,1.382079584015998,3.9831763704138794,,,,,
,959,,,,,0.00011507999999999999,,,
19,959,,,,1.3099539279937744,,,,
,969,,,,,0.00011627999999999999,,,
19,969,,,,1.298464298248291,,,,
,979,,,,,0.00011748,,,
19,979,,,,1.5242233276367188,,,,
,989,,,,,0.00011868,,,
19,989,,,,1.579094648361206,,,,
,999,,,,,0.00011988,,,
19,999,,,,1.4284780025482178,,,,
19,999,,,,,,1.9415103395508235,1.3457524178876354,3.8410755475431277
19,999,2.0041683841819014,1.3891836648630662,4.0115739272166495,,,,,
,1009,,,,,0.00012108,,,
20,1009,,,,1.2509695291519165,,,,
,1019,,,,,0.00012228,,,
20,1019,,,,1.2576113939285278,,,,
,1029,,,,,0.00012348,,,
20,1029,,,,1.0229308605194092,,,,
,1039,,,,,0.00012468,,,
20,1039,,,,1.3100941181182861,,,,
,1049,,,,,0.00012587999999999998,,,
20,1049,,,,1.5812259912490845,,,,
20,1049,,,,,,1.9762430932353892,1.3698273281771751,3.9346712299563933
20,1049,1.9665354790787373,1.363098522794528,3.908284468256379,,,,,
,1059,,,,,0.00012707999999999998,,,
21,1059,,,,1.3868894577026367,,,,
,1069,,,,,0.00012827999999999998,,,
21,1069,,,,1.0565382242202759,,,,
,1079,,,,,0.00012948,,,
21,1079,,,,1.1609859466552734,,,,
,1089,,,,,0.00013068,,,
21,1089,,,,1.352433204650879,,,,
,1099,,,,,0.00013188,,,
21,1099,,,,1.5798330307006836,,,,
21,1099,,,,,,1.8068453104744002,1.2524097326632895,3.498763892919235
21,1099,1.93236182909463,1.3394111536586017,3.816795337548218,,,,,
,1109,,,,,0.00013308,,,
22,1109,,,,1.2984732389450073,,,,
,1119,,,,,0.00013428,,,
22,1119,,,,1.0318245887756348,,,,
,1129,,,,,0.00013548,,,
22,1129,,,,1.380885362625122,,,,
,1139,,,,,0.00013668,,,
22,1139,,,,1.1259700059890747,,,,
,1149,,,,,0.00013788,,,
22,1149,,,,1.479053020477295,,,,
22,1149,,,,,,1.856056939215261,1.28652063437578,3.6201687268399483
22,1149,1.934727116705897,1.3410506460975649,3.823058077099449,,,,,
,1159,,,,,0.00013908,,,
23,1159,,,,1.1500680446624756,,,,
,1169,,,,,0.00014028,,,
23,1169,,,,1.0408453941345215,,,,
,1179,,,,,0.00014147999999999998,,,
23,1179,,,,1.2213473320007324,,,,
,1189,,,,,0.00014267999999999998,,,
23,1189,,,,1.3004627227783203,,,,
,1199,,,,,0.00014387999999999998,,,
23,1199,,,,1.1724556684494019,,,,
23,1199,,,,,,1.9223110659830367,1.332444495545325,3.790297437420016
23,1199,1.9092324015779019,1.323379056187416,3.7560920037511005,,,,,
,1209,,,,,0.00014508,,,
24,1209,,,,0.7139756679534912,,,,
,1219,,,,,0.00014628,,,
24,1219,,,,1.3063104152679443,,,,
,1229,,,,,0.00014748,,,
24,1229,,,,1.8326869010925293,,,,
,1239,,,,,0.00014868,,,
24,1239,,,,1.416650414466858,,,,
,1249,,,,,0.00014988,,,
24,1249,,,,1.433401107788086,,,,
24,1249,,,,,,1.843708943916669,1.2779616562489935,3.5893160041267076
24,1249,1.8894534727833174,1.3096693474589538,3.704948459032399,,,,,
,1259,,,,,0.00015108,,,
25,1259,,,,1.6465836763381958,,,,
,1269,,,,,0.00015228,,,
25,1269,,,,1.0270261764526367,,,,
,1279,,,,,0.00015348,,,
25,1279,,,,1.4218993186950684,,,,
,1289,,,,,0.00015467999999999998,,,
25,1289,,,,1.423055648803711,,,,
,1299,,,,,0.00015587999999999998,,,
25,1299,,,,1.7877966165542603,,,,
25,1299,,,,,,1.94358888316493,1.3471931545334241,3.8466135142615734
25,1299,1.8947585037367445,1.313346514707105,3.7185972532321347,,,,,
,1309,,,,,0.00015707999999999998,,,
26,1309,,,,1.2550585269927979,,,,
,1319,,,,,0.00015827999999999998,,,
26,1319,,,,1.3325115442276,,,,
,1329,,,,,0.00015947999999999998,,,
26,1329,,,,1.5823259353637695,,,,
,1339,,,,,0.00016067999999999999,,,
26,1339,,,,1.1513139009475708,,,,
,1349,,,,,0.00016188,,,
26,1349,,,,1.3187212944030762,,,,
26,1349,,,,,,1.797588412275231,1.245993339775805,3.4763863175931617
26,1349,1.8005520968160367,1.2480476093593336,3.4835350925074215,,,,,
,1359,,,,,0.00016308,,,
27,1359,,,,1.3669300079345703,,,,
,1369,,,,,0.00016427999999999997,,,
27,1369,,,,0.7531218528747559,,,,
,1379,,,,,0.00016547999999999997,,,
27,1379,,,,1.3538562059402466,,,,
,1389,,,,,0.00016667999999999997,,,
27,1389,,,,1.2046587467193604,,,,
,1399,,,,,0.00016787999999999997,,,
27,1399,,,,1.092111587524414,,,,
27,1399,,,,,,1.8237335664473604,1.2641157796755216,3.5399612461677568
27,1399,1.8019075482289597,1.248987136684587,3.4868095068753346,,,,,
,1409,,,,,0.00016907999999999997,,,
28,1409,,,,0.8935574293136597,,,,
,1419,,,,,0.00017027999999999998,,,
28,1419,,,,1.5866670608520508,,,,
,1429,,,,,0.00017147999999999998,,,
28,1429,,,,1.1915596723556519,,,,
,1439,,,,,0.00017267999999999998,,,
28,1439,,,,2.1200947761535645,,,,
,1449,,,,,0.00017387999999999998,,,
28,1449,,,,1.1666078567504883,,,,
28,1449,,,,,,1.8350017416238735,1.2719262835291771,3.5677183846333897
28,1449,1.884098432280869,1.3059575162328974,3.691221806919332,,,,,
,1459,,,,,0.00017507999999999998,,,
29,1459,,,,1.61102294921875,,,,
,1469,,,,,0.00017627999999999999,,,
29,1469,,,,1.1498444080352783,,,,
,1479,,,,,0.00017748,,,
29,1479,,,,1.3600490093231201,,,,
,1489,,,,,0.00017868,,,
29,1489,,,,1.6894184350967407,,,,
,1499,,,,,0.00017988,,,
29,1499,,,,1.3716096878051758,,,,
29,1499,,,,,,1.730049010378421,1.199178593774326,3.3173908777746712
29,1499,1.862466443524762,1.2909633642166973,3.636287938610203,,,,,
,1509,,,,,0.00018108,,,
30,1509,,,,1.2962706089019775,,,,
,1519,,,,,0.00018228,,,
30,1519,,,,0.9743809103965759,,,,
,1529,,,,,0.00018348,,,
30,1529,,,,1.4557223320007324,,,,
,1539,,,,,0.00018468,,,
30,1539,,,,1.3631312847137451,,,,
,1549,,,,,0.00018588,,,
30,1549,,,,1.1816149950027466,,,,
30,1549,,,,,,1.7208504500180497,1.1928026375953242,3.2963066264683607
30,1549,1.8196771966976857,1.2613041184202258,3.530022053655712,,,,,
,1559,,,,,0.00018708,,,
31,1559,,,,1.2527835369110107,,,,
,1569,,,,,0.00018828,,,
31,1569,,,,1.5645551681518555,,,,
,1579,,,,,0.00018948,,,
31,1579,,,,1.1058745384216309,,,,
,1589,,,,,0.00019068,,,
31,1589,,,,1.1955329179763794,,,,
,1599,,,,,0.00019187999999999996,,,
31,1599,,,,1.180795431137085,,,,
31,1599,,,,,,1.696083032818935,1.175635172194006,3.2402003755386355
31,1599,1.7869277610678336,1.2386039394484645,3.4507925850261625,,,,,
,1609,,,,,0.00019307999999999996,,,
32,1609,,,,1.026782751083374,,,,
,1619,,,,,0.00019427999999999996,,,
32,1619,,,,1.0951869487762451,,,,
,1629,,,,,0.00019547999999999996,,,
32,1629,,,,1.346346378326416,,,,
,1639,,,,,0.00019667999999999997,,,
32,1639,,,,1.1100724935531616,,,,
,1649,,,,,0.00019787999999999997,,,
32,1649,,,,1.17476224899292,,,,
32,1649,,,,,,1.5819147420827213,1.0964997433608514,2.993669053638243
32,1649,1.6772649993767395,1.1625915053698654,3.1982107262264137,,,,,
,1659,,,,,0.00019907999999999997,,,
33,1659,,,,1.1046361923217773,,,,
,1669,,,,,0.00020027999999999997,,,
33,1669,,,,1.7700371742248535,,,,
,1679,,,,,0.00020147999999999998,,,
33,1679,,,,1.2620222568511963,,,,
,1689,,,,,0.00020267999999999998,,,
33,1689,,,,1.3421847820281982,,,,
,1699,,,,,0.00020387999999999998,,,
33,1699,,,,0.8325309753417969,,,,
33,1699,,,,,,1.751202866270995,1.2138413293442352,3.366391264954162
33,1699,1.839476309917577,1.2750278179261807,3.578800963537907,,,,,
,1709,,,,,0.00020507999999999998,,,
34,1709,,,,1.0582784414291382,,,,
,1719,,,,,0.00020627999999999998,,,
34,1719,,,,1.1563746929168701,,,,
,1729,,,,,0.00020747999999999999,,,
34,1729,,,,1.2257591485977173,,,,
,1739,,,,,0.00020868,,,
34,1739,,,,1.2055015563964844,,,,
,1749,,,,,0.00020988,,,
34,1749,,,,1.2598745822906494,,,,
34,1749,,,,,,1.6620828149643319,1.152068017049664,3.1647308644440155
34,1749,1.6949058802263464,1.1748192321933644,3.237557644743641,,,,,
,1759,,,,,0.00021108,,,
35,1759,,,,1.1967432498931885,,,,
,1769,,,,,0.00021228,,,
35,1769,,,,1.3767611980438232,,,,
,1779,,,,,0.00021348,,,
35,1779,,,,1.0785624980926514,,,,
,1789,,,,,0.00021468,,,
35,1789,,,,1.3756017684936523,,,,
,1799,,,,,0.00021588,,,
35,1799,,,,1.1459559202194214,,,,
35,1799,,,,,,1.6129340593697483,1.1180006956812485,3.0587327484126696
35,1799,1.7434178896617005,1.2084451947567776,3.348274688317582,,,,,
,1809,,,,,0.00021707999999999997,,,
36,1809,,,,1.2313551902770996,,,,
,1819,,,,,0.00021827999999999998,,,
36,1819,,,,1.2336490154266357,,,,
,1829,,,,,0.00021947999999999998,,,
36,1829,,,,1.1243031024932861,,,,
,1839,,,,,0.00022067999999999998,,,
36,1839,,,,1.5087530612945557,,,,
,1849,,,,,0.00022187999999999998,,,
36,1849,,,,1.149946689605713,,,,
36,1849,,,,,,1.5083143163179349,1.045483815753978,2.844774537494096
36,1849,1.724032052745584,1.1950079565555765,3.3035840555472413,,,,,
,1859,,,,,0.00022307999999999999,,,
37,1859,,,,1.3265278339385986,,,,
,1869,,,,,0.00022428,,,
37,1869,,,,1.275728464126587,,,,
,1879,,,,,0.00022548,,,
37,1879,,,,1.0780904293060303,,,,
,1889,,,,,0.00022668,,,
37,1889,,,,1.1630666255950928,,,,
,1899,,,,,0.00022788,,,
37,1899,,,,1.5551328659057617,,,,
37,1899,,,,,,1.6304993421101872,1.130176021888522,3.096201451388347
37,1899,1.7115796336695133,1.1863765973818472,3.2751923408127883,,,,,
,1909,,,,,0.00022907999999999997,,,
38,1909,,,,0.9694733023643494,,,,
,1919,,,,,0.00023027999999999997,,,
38,1919,,,,1.4324876070022583,,,,
,1929,,,,,0.00023147999999999997,,,
38,1929,,,,1.3888283967971802,,,,
,1939,,,,,0.00023267999999999997,,,
38,1939,,,,1.4831430912017822,,,,
,1949,,,,,0.00023387999999999998,,,
38,1949,,,,1.1393473148345947,,,,
38,1949,,,,,,1.484746886452896,1.0291481181899822,2.798680673747694
38,1949,1.734127978860708,1.2020059192774162,3.326783493341022,,,,,
,1959,,,,,0.00023507999999999998,,,
39,1959,,,,1.2798347473144531,,,,
,1969,,,,,0.00023627999999999998,,,
39,1969,,,,1.021712303161621,,,,
,1979,,,,,0.00023747999999999998,,,
39,1979,,,,1.2658729553222656,,,,
,1989,,,,,0.00023867999999999996,,,
39,1989,,,,1.040546178817749,,,,
,1999,,,,,0.00023987999999999996,,,
39,1999,,,,1.0734832286834717,,,,
39,1999,,,,,,1.7179687702924045,1.1908052094182164,3.2897290620254296
39,1999,1.6817109553437848,1.1656732072133165,3.2080818602510455,,,,,
,2009,,,,,0.00024107999999999996,,,
40,2009,,,,1.2027308940887451,,,,
,2019,,,,,0.00024227999999999996,,,
40,2019,,,,0.9461268186569214,,,,
,2029,,,,,0.00024347999999999997,,,
40,2029,,,,1.1658289432525635,,,,
,2039,,,,,0.00024468,,,
40,2039,,,,0.9531756639480591,,,,
,2049,,,,,0.00024587999999999997,,,
40,2049,,,,1.4072911739349365,,,,
40,2049,,,,,,1.6237672752064474,1.1255097086948538,3.0817872624206686
40,2049,1.7197413206310956,1.192033847687881,3.2937734330736186,,,,,
,2059,,,,,0.00024708,,,
41,2059,,,,1.392258882522583,,,,
,2069,,,,,0.00024828,,,
41,2069,,,,1.143885850906372,,,,
,2079,,,,,0.00024948,,,
41,2079,,,,1.1239216327667236,,,,
,2089,,,,,0.00025068,,,
41,2089,,,,1.0788543224334717,,,,
,2099,,,,,0.00025188,,,
41,2099,,,,0.818327784538269,,,,
41,2099,,,,,,1.4449881328157037,1.0015894502037848,2.722605837553471
41,2099,1.6526942287848627,1.1455603450099208,3.144202701606729,,,,,
,2109,,,,,0.00025308,,,
42,2109,,,,1.2661763429641724,,,,
,2119,,,,,0.00025427999999999996,,,
42,2119,,,,1.1502368450164795,,,,
,2129,,,,,0.00025548,,,
42,2129,,,,0.8449757099151611,,,,
,2139,,,,,0.00025667999999999996,,,
42,2139,,,,1.1005293130874634,,,,
,2149,,,,,0.00025788,,,
42,2149,,,,1.0328398942947388,,,,
42,2149,,,,,,1.6963359000834433,1.1758104464254557,3.240768348943298
42,2149,1.606637377005165,1.113636168053356,3.0454119155432435,,,,,
,2159,,,,,0.00025907999999999997,,,
43,2159,,,,1.1043901443481445,,,,
,2169,,,,,0.00026028,,,
43,2169,,,,1.211637020111084,,,,
,2179,,,,,0.00026147999999999997,,,
43,2179,,,,1.1931205987930298,,,,
,2189,,,,,0.00026268,,,
43,2189,,,,0.8673205375671387,,,,
,2199,,,,,0.00026388,,,
43,2199,,,,0.78605055809021,,,,
43,2199,,,,,,1.515329443324281,1.0503463312596968,2.8586409833754125
43,2199,1.6273374027645173,1.1279843325459693,3.08942297054043,,,,,
,2209,,,,,0.00026508,,,
44,2209,,,,1.1661243438720703,,,,
,2219,,,,,0.00026628,,,
44,2219,,,,1.061708927154541,,,,
,2229,,,,,0.00026747999999999995,,,
44,2229,,,,1.2506697177886963,,,,
,2239,,,,,0.00026868,,,
44,2239,,,,0.9354124665260315,,,,
,2249,,,,,0.00026987999999999996,,,
44,2249,,,,1.0677968263626099,,,,
44,2249,,,,,,1.5907373626090962,1.1026151179038584,3.012032553770148
44,2249,1.6838602188553804,1.1671629631566593,3.2128646810023334,,,,,
,2259,,,,,0.00027108,,,
45,2259,,,,1.4684643745422363,,,,
,2269,,,,,0.00027227999999999996,,,
45,2269,,,,1.0592231750488281,,,,
,2279,,,,,0.00027348,,,
45,2279,,,,1.0128474235534668,,,,
,2289,,,,,0.00027467999999999997,,,
45,2289,,,,1.1702827215194702,,,,
,2299,,,,,0.00027588,,,
45,2299,,,,1.2327595949172974,,,,
45,2299,,,,,,1.5637030215550396,1.0838763406239431,2.956116284049441
45,2299,1.6036492276540741,1.1115649407555555,3.0391107031249827,,,,,
,2309,,,,,0.00027707999999999997,,,
46,2309,,,,0.8824192881584167,,,,
,2319,,,,,0.00027827999999999994,,,
46,2319,,,,0.8876018524169922,,,,
,2329,,,,,0.00027948,,,
46,2329,,,,0.8858665227890015,,,,
,2339,,,,,0.00028067999999999995,,,
46,2339,,,,1.0251353979110718,,,,
,2349,,,,,0.00028188,,,
46,2349,,,,1.0946464538574219,,,,
46,2349,,,,,,1.4048114860957976,0.973741120805529,2.6478318116125616
46,2349,1.6367992484412373,1.1345427841996811,3.1097513903438623,,,,,
,2359,,,,,0.00028307999999999995,,,
47,2359,,,,1.0328600406646729,,,,
,2369,,,,,0.00028428,,,
47,2369,,,,0.8586668968200684,,,,
,2379,,,,,0.00028547999999999996,,,
47,2379,,,,1.3174307346343994,,,,
,2389,,,,,0.00028668,,,
47,2389,,,,1.0339746475219727,,,,
,2399,,,,,0.00028787999999999996,,,
47,2399,,,,0.7784978747367859,,,,
47,2399,,,,,,1.49067724392406,1.0332587287508321,2.8102086373336355
47,2399,1.5774542769471709,1.0934079845281586,2.9844276443654008,,,,,
,2409,,,,,0.00028908,,,
48,2409,,,,1.0926471948623657,,,,
,2419,,,,,0.00029027999999999997,,,
48,2419,,,,1.034637689590454,,,,
,2429,,,,,0.00029148,,,
48,2429,,,,0.7935797572135925,,,,
,2439,,,,,0.00029267999999999997,,,
48,2439,,,,0.9360546469688416,,,,
,2449,,,,,0.00029388,,,
48,2449,,,,1.4896130561828613,,,,
48,2449,,,,,,1.3914593385506342,0.9644861173801785,2.6234391702286888
48,2449,1.6222618624817184,1.1244662361091289,3.0785731790928508,,,,,
,2459,,,,,0.00029508,,,
49,2459,,,,0.9970141649246216,,,,
,2469,,,,,0.00029628,,,
49,2469,,,,1.1623260974884033,,,,
,2479,,,,,0.00029748,,,
49,2479,,,,1.387666940689087,,,,
,2489,,,,,0.00029868,,,
49,2489,,,,0.7622725367546082,,,,
,2499,,,,,0.00029988,,,
49,2499,,,,0.729042649269104,,,,
49,2499,,,,,,1.6645307559217617,1.1537648004224836,3.1701052854789324
49,2499,1.5918133292164793,1.1033609211241426,3.014279775236691,,,,,
,2509,,,,,0.0003,,,
50,2509,,,,0.9647423624992371,,,,
,2519,,,,,0.0003,,,
50,2519,,,,1.0608543157577515,,,,
,2529,,,,,0.0003,,,
50,2529,,,,0.8096753358840942,,,,
,2539,,,,,0.0003,,,
50,2539,,,,0.932884931564331,,,,
,2549,,,,,0.0003,,,
50,2549,,,,0.9636659622192383,,,,
50,2549,,,,,,1.7067108910296815,1.1830018421481758,3.2641579978950896
50,2549,1.6398345368767657,1.1366466858209539,3.116300888669943,,,,,
,2559,,,,,0.0003,,,
51,2559,,,,1.3140075206756592,,,,
,2569,,,,,0.0003,,,
51,2569,,,,0.9263783097267151,,,,
,2579,,,,,0.0003,,,
51,2579,,,,0.9202982783317566,,,,
,2589,,,,,0.0003,,,
51,2589,,,,1.3097256422042847,,,,
,2599,,,,,0.0003,,,
51,2599,,,,1.1995868682861328,,,,
51,2599,,,,,,1.6110841152960758,1.1167184121623888,3.0548130994085163
51,2599,1.5545349188839872,1.077521496106419,2.937390188421242,,,,,
,2609,,,,,0.0003,,,
52,2609,,,,1.2483115196228027,,,,
,2619,,,,,0.0003,,,
52,2619,,,,1.2988238334655762,,,,
,2629,,,,,0.0003,,,
52,2629,,,,1.0700016021728516,,,,
,2639,,,,,0.0003,,,
52,2639,,,,1.1595337390899658,,,,
,2649,,,,,0.0003,,,
52,2649,,,,1.070128083229065,,,,
52,2649,,,,,,1.4825289424060184,1.0276107565272492,2.7943813949935814
52,2649,1.5223680309847463,1.0552251084516724,2.872621732553912,,,,,
,2659,,,,,0.0003,,,
53,2659,,,,1.0272079706192017,,,,
,2669,,,,,0.0003,,,
53,2669,,,,1.2323638200759888,,,,
,2679,,,,,0.0003,,,
53,2679,,,,1.0952352285385132,,,,
,2689,,,,,0.0003,,,
53,2689,,,,1.5312364101409912,,,,
,2699,,,,,0.0003,,,
53,2699,,,,1.034740686416626,,,,
53,2699,,,,,,1.371244696902916,0.950474395516033,2.586936599388413
53,2699,1.6625504888599911,1.1523921838918616,3.1657569315542298,,,,,
,2709,,,,,0.0003,,,
54,2709,,,,1.2390912771224976,,,,
,2719,,,,,0.0003,,,
54,2719,,,,0.9222522974014282,,,,
,2729,,,,,0.0003,,,
54,2729,,,,0.8326222896575928,,,,
,2739,,,,,0.0003,,,
54,2739,,,,0.7898596525192261,,,,
,2749,,,,,0.0003,,,
54,2749,,,,1.1626945734024048,,,,
54,2749,,,,,,1.4603652171511072,1.0122480328561023,2.751780159165687
54,2749,1.6127292862667388,1.117858757782243,3.0582986291224596,,,,,
,2759,,,,,0.0003,,,
55,2759,,,,0.874234676361084,,,,
,2769,,,,,0.0003,,,
55,2769,,,,1.2990565299987793,,,,
,2779,,,,,0.0003,,,
55,2779,,,,1.0546295642852783,,,,
,2789,,,,,0.0003,,,
55,2789,,,,0.9692883491516113,,,,
,2799,,,,,0.0003,,,
55,2799,,,,1.275241494178772,,,,
55,2799,,,,,,1.5267880503608142,1.0582888324202142,2.8814361481820674
55,2799,1.5230405631246566,1.0556912722082872,2.8739611568633707,,,,,
,2809,,,,,0.0003,,,
56,2809,,,,1.0900506973266602,,,,
,2819,,,,,0.0003,,,
56,2819,,,,1.3298752307891846,,,,
,2829,,,,,0.0003,,,
56,2829,,,,1.0195140838623047,,,,
,2839,,,,,0.0003,,,
56,2839,,,,1.1326318979263306,,,,
,2849,,,,,0.0003,,,
56,2849,,,,0.9737735986709595,,,,
56,2849,,,,,,1.486794703051559,1.0305675564916492,2.802656049022644
56,2849,1.6146648350396768,1.1192003779570412,3.0624044578793397,,,,,
,2859,,,,,0.0003,,,
57,2859,,,,0.7999714612960815,,,,
,2869,,,,,0.0003,,,
57,2869,,,,1.1946337223052979,,,,
,2879,,,,,0.0003,,,
57,2879,,,,1.4262220859527588,,,,
,2889,,,,,0.0003,,,
57,2889,,,,0.975960910320282,,,,
,2899,,,,,0.0003,,,
57,2899,,,,0.8171765208244324,,,,
57,2899,,,,,,1.4665662975918154,1.0165462942800045,2.763633485769903
57,2899,1.5179589675998904,1.0521689785975494,2.863856028904346,,,,,
,2909,,,,,0.0003,,,
58,2909,,,,1.0476709604263306,,,,
,2919,,,,,0.0003,,,
58,2919,,,,1.129479169845581,,,,
,2929,,,,,0.0003,,,
58,2929,,,,0.8288233280181885,,,,
,2939,,,,,0.0003,,,
58,2939,,,,0.7394591569900513,,,,
,2949,,,,,0.0003,,,
58,2949,,,,0.9773281216621399,,,,
58,2949,,,,,,1.4272667105099262,0.9893058962970229,2.6893671246778625
58,2949,1.4413814332239572,0.999089476550639,2.7158078955701335,,,,,
,2959,,,,,0.0003,,,
59,2959,,,,1.22239351272583,,,,
,2969,,,,,0.0003,,,
59,2969,,,,1.19428551197052,,,,
,2979,,,,,0.0003,,,
59,2979,,,,1.1717456579208374,,,,
,2989,,,,,0.0003,,,
59,2989,,,,0.769652783870697,,,,
,2999,,,,,0.0003,,,
59,2999,,,,0.719437837600708,,,,
59,2999,,,,,,1.3855109646485075,0.960363018781003,2.6126447404021973
59,2999,1.505673811018475,1.043653556950404,2.8395726257272016,,,,,
,3009,,,,,0.0003,,,
60,3009,,,,0.7618457078933716,,,,
,3019,,,,,0.0003,,,
60,3019,,,,1.285459280014038,,,,
,3029,,,,,0.0003,,,
60,3029,,,,0.8662709593772888,,,,
,3039,,,,,0.0003,,,
60,3039,,,,1.5439735651016235,,,,
,3049,,,,,0.0003,,,
60,3049,,,,1.245835781097412,,,,
60,3049,,,,,,1.5071188992728632,1.0446552157995934,2.84241833375206
60,3049,1.4360760922197433,0.9954120943916591,2.7058391727035893,,,,,
,3059,,,,,0.0003,,,
61,3059,,,,1.1753756999969482,,,,
,3069,,,,,0.0003,,,
61,3069,,,,1.0608329772949219,,,,
,3079,,,,,0.0003,,,
61,3079,,,,1.0122441053390503,,,,
,3089,,,,,0.0003,,,
61,3089,,,,1.0232903957366943,,,,
,3099,,,,,0.0003,,,
61,3099,,,,0.986601710319519,,,,
61,3099,,,,,,1.4483466920392476,1.0039174260603279,2.728951381480918
61,3099,1.4500040225524984,1.0050662000328436,2.732088131163462,,,,,
,3109,,,,,0.0003,,,
62,3109,,,,0.9233145713806152,,,,
,3119,,,,,0.0003,,,
62,3119,,,,0.8279419541358948,,,,
,3129,,,,,0.0003,,,
62,3129,,,,1.5319666862487793,,,,
,3139,,,,,0.0003,,,
62,3139,,,,0.9367194175720215,,,,
,3149,,,,,0.0003,,,
62,3149,,,,0.8836027383804321,,,,
62,3149,,,,,,1.3812869095446667,0.9574351268952459,2.6050063866600595
62,3149,1.4589525079212384,1.0112688174364677,2.749086892461736,,,,,
,3159,,,,,0.0003,,,
63,3159,,,,1.0190626382827759,,,,
,3169,,,,,0.0003,,,
63,3169,,,,0.9073370695114136,,,,
,3179,,,,,0.0003,,,
63,3179,,,,1.0934052467346191,,,,
,3189,,,,,0.0003,,,
63,3189,,,,0.9447214603424072,,,,
,3199,,,,,0.0003,,,
63,3199,,,,0.8029975295066833,,,,
63,3199,,,,,,1.4520917101359823,1.0065132747952255,2.7360445288578985
63,3199,1.4439227997891888,1.0008510176200986,2.720596118802715,,,,,
,3209,,,,,0.0003,,,
64,3209,,,,1.2262072563171387,,,,
,3219,,,,,0.0003,,,
64,3219,,,,0.9521205425262451,,,,
,3229,,,,,0.0003,,,
64,3229,,,,0.9768027067184448,,,,
,3239,,,,,0.0003,,,
64,3239,,,,0.6786220073699951,,,,
,3249,,,,,0.0003,,,
64,3249,,,,1.3419859409332275,,,,
64,3249,,,,,,1.4101639620056834,0.9774511743914813,2.657673655114622
64,3249,1.4164915471042807,0.9818371221623271,2.6693556725903695,,,,,
,3259,,,,,0.0003,,,
65,3259,,,,0.6318279504776001,,,,
,3269,,,,,0.0003,,,
65,3269,,,,0.8451412916183472,,,,
,3279,,,,,0.0003,,,
65,3279,,,,0.7727696895599365,,,,
,3289,,,,,0.0003,,,
65,3289,,,,0.9301366209983826,,,,
,3299,,,,,0.0003,,,
65,3299,,,,1.0553197860717773,,,,
65,3299,,,,,,1.3304991314557753,0.9222317217060266,2.5148966812804017
65,3299,1.432874594388209,0.9931929851961624,2.6998412775673915,,,,,
,3309,,,,,0.0003,,,
66,3309,,,,0.9006319642066956,,,,
,3319,,,,,0.0003,,,
66,3319,,,,0.8724761009216309,,,,
,3329,,,,,0.0003,,,
66,3329,,,,1.2268359661102295,,,,
,3339,,,,,0.0003,,,
66,3339,,,,1.0840212106704712,,,,
,3349,,,,,0.0003,,,
66,3349,,,,0.9019147157669067,,,,
66,3349,,,,,,1.4283176548010614,0.990034355369349,2.6913269322918034
66,3349,1.4247955700438761,0.9875930322502129,2.6847645473412434,,,,,
,3359,,,,,0.0003,,,
67,3359,,,,1.1488929986953735,,,,
,3369,,,,,0.0003,,,
67,3369,,,,0.6463379859924316,,,,
,3379,,,,,0.0003,,,
67,3379,,,,1.203952670097351,,,,
,3389,,,,,0.0003,,,
67,3389,,,,1.125948190689087,,,,
,3399,,,,,0.0003,,,
67,3399,,,,0.9441269636154175,,,,
67,3399,,,,,,1.3208971584732614,0.9155761412053844,2.4982141614758393
67,3399,1.4127662371890375,0.9792549340978642,2.6624717858029214,,,,,
,3409,,,,,0.0003,,,
68,3409,,,,0.6421595811843872,,,,
,3419,,,,,0.0003,,,
68,3419,,,,1.065211296081543,,,,
,3429,,,,,0.0003,,,
68,3429,,,,0.9059133529663086,,,,
,3439,,,,,0.0003,,,
68,3439,,,,0.9649406671524048,,,,
,3449,,,,,0.0003,,,
68,3449,,,,1.0104258060455322,,,,
68,3449,,,,,,1.4001339645343798,0.9704989099232239,2.6392608843832868
68,3449,1.374070649996927,0.9524331969355414,2.592008860625915,,,,,
,3459,,,,,0.0003,,,
69,3459,,,,0.9961227774620056,,,,
,3469,,,,,0.0003,,,
69,3469,,,,0.8970007300376892,,,,
,3479,,,,,0.0003,,,
69,3479,,,,0.9987066984176636,,,,
,3489,,,,,0.0003,,,
69,3489,,,,1.1423336267471313,,,,
,3499,,,,,0.0003,,,
69,3499,,,,1.02070951461792,,,,
69,3499,,,,,,1.3364139117482792,0.9263315349894073,2.5252284527959272
69,3499,1.3774526323063048,0.9547774084379902,2.5980922051487148,,,,,
,3509,,,,,0.0003,,,
70,3509,,,,0.6405112743377686,,,,
,3519,,,,,0.0003,,,
70,3519,,,,0.9108383059501648,,,,
,3529,,,,,0.0003,,,
70,3529,,,,0.9934911727905273,,,,
,3539,,,,,0.0003,,,
70,3539,,,,0.8934445381164551,,,,
,3549,,,,,0.0003,,,
70,3549,,,,1.2630406618118286,,,,
70,3549,,,,,,1.360896254098021,0.9433014015626342,2.568446911290944
70,3549,1.4507888191644818,1.005610179591753,2.7335747355644977,,,,,
,3559,,,,,0.0003,,,
71,3559,,,,0.8461812734603882,,,,
,3569,,,,,0.0003,,,
71,3569,,,,0.6714907884597778,,,,
,3579,,,,,0.0003,,,
71,3579,,,,0.6567913293838501,,,,
,3589,,,,,0.0003,,,
71,3589,,,,0.8797959089279175,,,,
,3599,,,,,0.0003,,,
71,3599,,,,1.1121504306793213,,,,
71,3599,,,,,,1.3418545240838167,0.9301026800903047,2.534769434610468
71,3599,1.3187156960805053,0.9140640666983479,2.494439530010344,,,,,
,3609,,,,,0.0003,,,
72,3609,,,,0.9122707843780518,,,,
,3619,,,,,0.0003,,,
72,3619,,,,1.0407915115356445,,,,
,3629,,,,,0.0003,,,
72,3629,,,,0.9389704465866089,,,,
,3639,,,,,0.0003,,,
72,3639,,,,0.861204206943512,,,,
,3649,,,,,0.0003,,,
72,3649,,,,0.8293577432632446,,,,
72,3649,,,,,,1.3202355595038755,0.9151175557450932,2.4970687794325417
72,3649,1.4014594840347023,0.9714176900276495,2.6416868990906086,,,,,
,3659,,,,,0.0003,,,
73,3659,,,,0.8750659227371216,,,,
,3669,,,,,0.0003,,,
73,3669,,,,1.071321964263916,,,,
,3679,,,,,0.0003,,,
73,3679,,,,1.044326663017273,,,,
,3689,,,,,0.0003,,,
73,3689,,,,0.9263952374458313,,,,
,3699,,,,,0.0003,,,
73,3699,,,,0.6944273710250854,,,,
73,3699,,,,,,1.2865261856139758,0.8917519982748682,2.439399733734302
73,3699,1.3204397476685084,0.9152590881957122,2.497422220707374,,,,,
,3709,,,,,0.0003,,,
74,3709,,,,0.9489645957946777,,,,
,3719,,,,,0.0003,,,
74,3719,,,,0.9641552567481995,,,,
,3729,,,,,0.0003,,,
74,3729,,,,0.8546061515808105,,,,
